,file_name,column_name,task_id,start_time,end_time,hostname,host_ip,pid,alert_type,po_server_name,node_name
0,PVO/PVOutput/10010.csv,WS_5_Pressure(Pascal),e3a0f0b0-ba1c-4ef9-9a69-c11b5c3fa53d,1663777575.2715857,1663777584.4100387,worker-bf97597d7-m2q7f,10.1.2.217,19,SAVED_DATA,server-648f65cf48-xvdtj,docker-desktop
0,PVO/PVOutput/10010.csv,WS_5_Humidity,8e0404fd-6dae-4d3b-90e6-284a6b0b3e07,1663777574.6529593,1663777587.5864654,worker-bf97597d7-m2q7f,10.1.2.217,18,SAVED_DATA,server-648f65cf48-xvdtj,docker-desktop
0,PVO/PVOutput/10010.csv,WS_5_DateUTC,68de8f87-f902-4bfe-bceb-4914a7f7e224,1663777584.8349025,1663777588.592191,worker-bf97597d7-m2q7f,10.1.2.217,19,SYSTEM_ERROR,server-648f65cf48-xvdtj,docker-desktop
0,PVO/PVOutput/10010.csv,WS_5_DHI,56078921-3439-4d66-8746-647bbcbc13c5,1663777575.059613,1663777589.5692906,worker-bf97597d7-m2q7f,10.1.2.217,20,SAVED_DATA,server-648f65cf48-xvdtj,docker-desktop
0,PVO/PVOutput/10010.csv,Power(W),d47f2745-e716-477f-9c10-d086af1006c5,1663777575.162814,1663777594.2073722,worker-bf97597d7-m2q7f,10.1.2.217,17,SAVED_DATA,server-648f65cf48-xvdtj,docker-desktop
0,PVO/PVOutput/10010.csv,WS_5_DNI,4504150a-0cea-4b3d-88d6-3b532549d688,1663777588.053934,1663777599.806638,worker-bf97597d7-m2q7f,10.1.2.217,18,SAVED_DATA,server-648f65cf48-xvdtj,docker-desktop
0,PVO/PVOutput/10010.csv,WS_5_Wind(m/s),aed8042e-2cdb-4c05-9f92-32aa61445a56,1663777589.9619856,1663777601.3300538,worker-bf97597d7-m2q7f,10.1.2.217,20,SAVED_DATA,server-648f65cf48-xvdtj,docker-desktop
0,PVO/PVOutput/10010.csv,WS_5_Irradiance(W/m^2),af7718d4-b9f8-46d8-b3e5-96e802b9746a,1663777589.0183895,1663777601.5971236,worker-bf97597d7-m2q7f,10.1.2.217,19,SAVED_DATA,server-648f65cf48-xvdtj,docker-desktop
0,PVO/PVOutput/10010.csv,WS_5_POA,5feb4d1b-a9e1-48ac-a433-78de87644051,1663777594.6851819,1663777603.2086666,worker-bf97597d7-m2q7f,10.1.2.217,17,SAVED_DATA,server-648f65cf48-xvdtj,docker-desktop
0,PVO/PVOutput/10010.csv,WS_5_Dewpoint(C),88bfa7be-743c-4155-84aa-085d8ccb6bab,1663777601.7683475,1663777609.2139418,worker-bf97597d7-m2q7f,10.1.2.217,20,SYSTEM_ERROR,server-648f65cf48-xvdtj,docker-desktop
0,PVO/PVOutput/10010.csv,WS_5_Temp(C),ce534a4b-11b3-4163-b8f2-06c673037512,1663777602.0063148,1663777612.327997,worker-bf97597d7-m2q7f,10.1.2.217,19,SAVED_DATA,server-648f65cf48-xvdtj,docker-desktop
0,PVO/PVOutput/10010.csv,WS_5_Solar_Azimuth,76df575a-afd3-41ff-ab6f-0f1756272499,1663777600.2008746,1663777612.331184,worker-bf97597d7-m2q7f,10.1.2.217,18,SAVED_DATA,server-648f65cf48-xvdtj,docker-desktop
0,PVO/PVOutput/10010.csv,WS_5_Solar_Zenith,9f00cb2a-3b16-4c07-b22a-2891c194040f,1663777603.6278398,1663777613.7901902,worker-bf97597d7-m2q7f,10.1.2.217,17,SAVED_DATA,server-648f65cf48-xvdtj,docker-desktop
