,host_ip,filename,function_name,action,task_id,host_name,timestamp,pid,message,column_name
0,172.20.0.5,,process_first_n_files,idle-stop/busy-start,2e4977e6-f51d-4076-9759-80661cecf127,28941d9609c2,1652769382.5482583,77,init process n files,
1,172.20.0.5,,process_first_n_files,busy-stop/idle-start,2e4977e6-f51d-4076-9759-80661cecf127,28941d9609c2,1652769385.575591,77,end process n files,
2,172.20.0.4,PVO/PVOutput/10059.csv,process_data_task,idle-stop/busy-start,84ad44f4-9bee-4116-803d-8aff35470282,bd575a7bb973,1652769386.612901,22,init process data task,Power(W)
3,172.20.0.4,PVO/PVOutput/10284.csv,process_data_task,idle-stop/busy-start,5a9d9d85-7a95-457d-88a3-2223276028d0,bd575a7bb973,1652769386.6799965,21,init process data task,Power(W)
4,172.20.0.4,PVO/PVOutput/10664.csv,process_data_task,idle-stop/busy-start,2466dbe9-d935-46eb-bc0f-c28953e3f423,bd575a7bb973,1652769386.7479947,23,init process data task,Power(W)
5,172.20.0.4,PVO/PVOutput/10010.csv,process_data_task,idle-stop/busy-start,824953fa-375f-4ceb-9e79-0bb5dacba836,bd575a7bb973,1652769386.8262463,20,init process data task,Power(W)
6,172.20.0.4,PVO/PVOutput/10059.csv,process_data_task,busy-stop/idle-start,84ad44f4-9bee-4116-803d-8aff35470282,bd575a7bb973,1652769398.0346072,22,end process data task,Power(W)
7,172.20.0.4,PVO/PVOutput/10010.csv,process_data_task,busy-stop/idle-start,824953fa-375f-4ceb-9e79-0bb5dacba836,bd575a7bb973,1652769398.3136935,20,end process data task,Power(W)
8,172.20.0.4,PVO/PVOutput/10664.csv,process_data_task,busy-stop/idle-start,2466dbe9-d935-46eb-bc0f-c28953e3f423,bd575a7bb973,1652769398.3294883,23,end process data task,Power(W)
9,172.20.0.4,PVO/PVOutput/10284.csv,process_data_task,busy-stop/idle-start,5a9d9d85-7a95-457d-88a3-2223276028d0,bd575a7bb973,1652769398.3332152,21,end process data task,Power(W)
10,172.20.0.4,PVO/PVOutput/10795.csv,process_data_task,idle-stop/busy-start,9182ce4f-9427-47ef-9edf-842b13ca5962,bd575a7bb973,1652769398.8602626,22,init process data task,Power(W)
11,172.20.0.4,PVO/PVOutput/10807.csv,process_data_task,idle-stop/busy-start,e2694871-ce65-4126-a88e-ec351e316d78,bd575a7bb973,1652769399.2575328,21,init process data task,Power(W)
12,172.20.0.4,PVO/PVOutput/10838.csv,process_data_task,idle-stop/busy-start,7385a20d-4ea8-4ae0-baa7-e5b69bd5592a,bd575a7bb973,1652769399.2634614,23,init process data task,Power(W)
13,172.20.0.4,PVO/PVOutput/10858.csv,process_data_task,idle-stop/busy-start,779d1ce8-23ac-4680-9d1e-6ace2a49533c,bd575a7bb973,1652769399.2724137,20,init process data task,Power(W)
14,172.20.0.4,PVO/PVOutput/10795.csv,process_data_task,busy-stop/idle-start,9182ce4f-9427-47ef-9edf-842b13ca5962,bd575a7bb973,1652769409.6071198,22,end process data task,Power(W)
15,172.20.0.4,PVO/PVOutput/10877.csv,process_data_task,idle-stop/busy-start,0678cf54-a98b-4914-9314-0deacd3aa472,bd575a7bb973,1652769410.5541909,22,init process data task,Power(W)
16,172.20.0.4,PVO/PVOutput/10807.csv,process_data_task,busy-stop/idle-start,e2694871-ce65-4126-a88e-ec351e316d78,bd575a7bb973,1652769411.1281927,21,end process data task,Power(W)
17,172.20.0.4,PVO/PVOutput/10838.csv,process_data_task,busy-stop/idle-start,7385a20d-4ea8-4ae0-baa7-e5b69bd5592a,bd575a7bb973,1652769411.5400777,23,end process data task,Power(W)
18,172.20.0.4,PVO/PVOutput/10858.csv,process_data_task,busy-stop/idle-start,779d1ce8-23ac-4680-9d1e-6ace2a49533c,bd575a7bb973,1652769411.8144093,20,end process data task,Power(W)
19,172.20.0.4,PVO/PVOutput/10940.csv,process_data_task,idle-stop/busy-start,9b109370-b002-430f-a0a4-235952238813,bd575a7bb973,1652769412.0090492,21,init process data task,Power(W)
20,172.20.0.4,,loop_tasks_status_task,idle-stop/busy-start,f763a451-8aac-418e-9344-833c1d226f55,bd575a7bb973,1652769412.4046865,23,init loop_tasks_status_task,
21,172.20.0.4,PVO/PVOutput/10877.csv,process_data_task,busy-stop/idle-start,0678cf54-a98b-4914-9314-0deacd3aa472,bd575a7bb973,1652769417.2680755,22,end process data task,Power(W)
22,172.20.0.4,PVO/PVOutput/10940.csv,process_data_task,busy-stop/idle-start,9b109370-b002-430f-a0a4-235952238813,bd575a7bb973,1652769418.1684465,21,end process data task,Power(W)
23,172.20.0.4,,loop_tasks_status_task,busy-stop/idle-start,f763a451-8aac-418e-9344-833c1d226f55,bd575a7bb973,1652769419.4677052,23,end loop_tasks_status_task,
